{
    "0": {
        "mean_action": [
            -0.002476829569786787,
            0.019892990589141846,
            0.016645023599267006,
            -0.008084801957011223,
            0.008470977656543255,
            0.007157337851822376,
            -0.01019449532032013,
            -0.008102701045572758,
            -0.0031102485954761505,
            0.016306838020682335,
            -0.004850612487643957,
            -0.0025655797217041254,
            -0.00017204054165631533,
            -0.011584734544157982
        ],
        "std_action": [
            0.0055609499104321,
            0.0038645202293992043,
            0.005227443762123585,
            0.011187641881406307,
            0.005282566417008638,
            0.005189158022403717,
            0.0019244508584961295,
            0.0037693018093705177,
            0.0020311586558818817,
            0.0036298225168138742,
            0.004551759921014309,
            0.0023468192666769028,
            0.004388852044939995,
            0.003774133510887623
        ],
        "wasserstein_distance_from_level_0": 0.0,
        "wasserstein_per_dim": []
    },
    "1": {
        "mean_action": [
            -0.0029414647724479437,
            0.02032412402331829,
            0.016724728047847748,
            -0.009205682203173637,
            0.009013893082737923,
            0.0073730479925870895,
            -0.010445930995047092,
            -0.00789813231676817,
            -0.002777584595605731,
            0.016615424305200577,
            -0.004688961431384087,
            -0.0025756803806871176,
            -0.0003513071278575808,
            -0.011264882050454617
        ],
        "std_action": [
            0.005995666142553091,
            0.004179141949862242,
            0.005332030355930328,
            0.011609146371483803,
            0.005407726392149925,
            0.005313965957611799,
            0.0019693411886692047,
            0.0038439880590885878,
            0.0021263586822897196,
            0.0037181174848228693,
            0.00460004061460495,
            0.00241754949092865,
            0.004696885589510202,
            0.004120813217014074
        ],
        "wasserstein_distance_from_level_0": 0.08617232467494804,
        "wasserstein_per_dim": [
            0.08507960512240903,
            0.12045633533129477,
            0.04072156850756373,
            0.10335029583545147,
            0.10680693862546006,
            0.05308415862948503,
            0.1319209993848568,
            0.05579096395623222,
            0.1672215465753156,
            0.087556272383659,
            0.039298264762773115,
            0.03146615584928693,
            0.09824893204337601,
            0.0854105084421087
        ]
    }
}