{
    "0": {
        "mean_action": [
            -0.001533770700916648,
            0.02018970437347889,
            0.014553146436810493,
            -0.004447005223482847,
            0.00788197759538889,
            0.004764104261994362,
            -0.009223168715834618,
            -0.009283838793635368,
            -0.0026934235356748104,
            0.015266096219420433,
            -0.006409560330212116,
            -0.002052103402093053,
            -0.0010496764443814754,
            -0.01286725141108036
        ],
        "std_action": [
            0.005469880998134613,
            0.004235689993947744,
            0.005756516475230455,
            0.009768721647560596,
            0.004873071797192097,
            0.004521857015788555,
            0.0015976015711203218,
            0.003780222497880459,
            0.0023961763363331556,
            0.0033657909370958805,
            0.004450999666005373,
            0.002757902955636382,
            0.0051400610245764256,
            0.0032085326965898275
        ],
        "wasserstein_distance_from_level_0": 0.0,
        "wasserstein_per_dim": []
    },
    "1": {
        "mean_action": [
            -0.0020830417051911354,
            0.01986110210418701,
            0.015050373040139675,
            -0.005861897021532059,
            0.007899031043052673,
            0.0056789228692650795,
            -0.009685400873422623,
            -0.009023281745612621,
            -0.0028153720777481794,
            0.015740232542157173,
            -0.0058230445720255375,
            -0.002121737925335765,
            -0.0005667855148203671,
            -0.012187090702354908
        ],
        "std_action": [
            0.005912952125072479,
            0.004017512779682875,
            0.005538371857255697,
            0.010252527892589569,
            0.005136621650308371,
            0.004975607618689537,
            0.0016951530706137419,
            0.003763120621442795,
            0.0022737605031579733,
            0.0035056082997471094,
            0.004638438578695059,
            0.0026371621061116457,
            0.004940249491482973,
            0.0037271645851433277
        ],
        "wasserstein_distance_from_level_0": 0.1290151536664514,
        "wasserstein_per_dim": [
            0.10528830523192952,
            0.08936817314816288,
            0.08705673852585971,
            0.1459664311421905,
            0.07519583825764736,
            0.20628060603109466,
            0.2894577424170318,
            0.07152827942316664,
            0.07616850107340194,
            0.14199083327960932,
            0.13895995729729071,
            0.04725972605514997,
            0.11880240883373513,
            0.21288861061404907
        ]
    }
}